{
  "width": 990,
  "height": 660,
  "cx": [
    [ "ECRITURE_UTILISATEUR", 92 ],
    [ "ECRITURE", 265 ],
    [ "ALERT_ENTREPRISE", 428 ],
    [ "ALERT_TRESORERIE", 624 ],
    [ "UTILISATEUR", 92 ],
    [ "APPARTIENT", 265 ],
    [ "ENTREPRISE", 428 ],
    [ "CLIENT", 769 ],
    [ "FACTURE_CLIENT", 920 ],
    [ "A", 92 ],
    [ "ROLE", 265 ],
    [ "RAPPROCHEMENT_ENTREPRISE", 428 ],
    [ "RAPPROCHEMENT", 624 ],
    [ "DEVIS_CLIENT", 769 ],
    [ "FACTURE", 920 ],
    [ "DEVIS", 769 ]
  ],
  "cy": [
    [ "ECRITURE_UTILISATEUR", 77 ],
    [ "ECRITURE", 77 ],
    [ "ALERT_ENTREPRISE", 77 ],
    [ "ALERT_TRESORERIE", 77 ],
    [ "UTILISATEUR", 237 ],
    [ "APPARTIENT", 237 ],
    [ "ENTREPRISE", 237 ],
    [ "CLIENT", 237 ],
    [ "FACTURE_CLIENT", 237 ],
    [ "A", 406 ],
    [ "ROLE", 406 ],
    [ "RAPPROCHEMENT_ENTREPRISE", 406 ],
    [ "RAPPROCHEMENT", 406 ],
    [ "DEVIS_CLIENT", 406 ],
    [ "FACTURE", 406 ],
    [ "DEVIS", 575 ]
  ],
  "shift": [
    [ "ECRITURE_UTILISATEUR,ECRITURE,0", 0 ],
    [ "ECRITURE_UTILISATEUR,UTILISATEUR,0", 0 ],
    [ "ALERT_ENTREPRISE,ALERT_TRESORERIE,0", 0 ],
    [ "ALERT_ENTREPRISE,ENTREPRISE,0", 0 ],
    [ "APPARTIENT,UTILISATEUR,0", 0 ],
    [ "APPARTIENT,ENTREPRISE,0", 0 ],
    [ "FACTURE_CLIENT,FACTURE,0", 0 ],
    [ "FACTURE_CLIENT,CLIENT,0", 0 ],
    [ "A,UTILISATEUR,0", 0 ],
    [ "A,ROLE,0", 0 ],
    [ "RAPPROCHEMENT_ENTREPRISE,RAPPROCHEMENT,0", 0 ],
    [ "RAPPROCHEMENT_ENTREPRISE,ENTREPRISE,0", 0 ],
    [ "DEVIS_CLIENT,DEVIS,0", 0 ],
    [ "DEVIS_CLIENT,CLIENT,0", 0 ]
  ],
  "ratio": []
}
